Epoch,Samples,Mean CER,Mean CER (Norm),Mean WER,Mean WER (Norm),Mean BLEU,Mean BLEU (Norm)
0,256,13.00000,0.92857,5.00000,1.00000,0.51697,0.51697
1,256,13.00000,0.92857,5.00000,1.00000,0.51697,0.51697
2,256,12.00000,0.85714,5.00000,1.00000,0.32377,0.32377
