epoch,loss,val_loss
0,426.41464468149036,131.79983520507812
1,134.59539560171274,139.50686645507812
2,119.75624553973859,104.10018920898438
